id,artifact_id,group_id,version,signature,method
axeldjaha.library+sms,axeldjaha.library,sms,1.1,Landroid/telephony/SmsManager;->sendMultipartTextMessage,[Laxeldjaha/sms/service/SendSmsService; sendSMS (Landroid/content/Intent;)V]
axeldjaha.library+sms,axeldjaha.library,sms,1.2,Landroid/telephony/SmsManager;->sendMultipartTextMessage,[Laxeldjaha/sms/service/SendSmsService; sendSMS (Landroid/content/Intent;)V]
axeldjaha.library+sms,axeldjaha.library,sms,1.3,Landroid/telephony/SmsManager;->sendMultipartTextMessage,[Laxeldjaha/sms/service/SendSmsService; sendSMS (Landroid/content/Intent;)V]
axeldjaha.library+sms,axeldjaha.library,sms,1.4,Landroid/telephony/SmsManager;->sendMultipartTextMessage,[Laxeldjaha/sms/service/SendSmsService; sendSMS (Landroid/content/Intent;)V]
axeldjaha.library+sms,axeldjaha.library,sms,1.1,Landroid/telephony/SmsManager;->sendMultipartTextMessage,[Laxeldjaha/sms/service/SendSmsService; sendSMS (Landroid/content/Intent;)V]
axeldjaha.library+sms,axeldjaha.library,sms,1.2,Landroid/telephony/SmsManager;->sendMultipartTextMessage,[Laxeldjaha/sms/service/SendSmsService; sendSMS (Landroid/content/Intent;)V]
axeldjaha.library+sms,axeldjaha.library,sms,1.3,Landroid/telephony/SmsManager;->sendMultipartTextMessage,[Laxeldjaha/sms/service/SendSmsService; sendSMS (Landroid/content/Intent;)V]
axeldjaha.library+sms,axeldjaha.library,sms,1.4,Landroid/telephony/SmsManager;->sendMultipartTextMessage,[Laxeldjaha/sms/service/SendSmsService; sendSMS (Landroid/content/Intent;)V]
com.a360ground.medapay+payment-sms,com.a360ground.medapay,payment-sms,1.0,Landroid/telephony/SmsManager;->sendTextMessage,[La360ground/com/medapay/logic/packageSMS/model/MedaSmsManager; sendSms (Ljava/lang/String; Landroid/app/PendingIntent; Landroid/app/PendingIntent; Landroid/telephony/SmsManager;)V]
com.ambassador+ambassadorsdk,com.ambassador,ambassadorsdk,1.2.8,Landroid/telephony/SmsManager;->sendTextMessage,[Lcom/ambassador/ambassadorsdk/internal/activities/contacts/ContactSelectorActivity; handleSendSMS ()V]
com.ambassador+ambassadorsdk,com.ambassador,ambassadorsdk,1.2.9,Landroid/telephony/SmsManager;->sendTextMessage,[Lcom/ambassador/ambassadorsdk/internal/activities/contacts/ContactSelectorActivity; handleSendSMS ()V]
com.baidu.shuchengreadersdk+ShuCheng,com.baidu.shuchengreadersdk,ShuCheng,1.0.0.03,Landroid/telephony/SmsManager;->sendTextMessage,"[Lcom/baidu/shuchengreadersdk/shucheng91/zone/ndaction/PaySmsSendNdAction; a (Landroid/webkit/WebView; Lcom/baidu/shuchengreadersdk/shucheng91/zone/ndaction/g$b; Lcom/baidu/shuchengreadersdk/shucheng91/zone/ndaction/j;)I, Lcom/baidu/shuchengreadersdk/shucheng91/zone/ndaction/PaySmsSendNdAction; a (Landroid/webkit/WebView; Lcom/baidu/shuchengreadersdk/shucheng91/zone/ndaction/g$b; Lcom/baidu/shuchengreadersdk/shucheng91/zone/ndaction/j;)I, La/a/a/a/a/f; a (Ljava/lang/String; Ljava/lang/String; Ljava/lang/String; Landroid/app/PendingIntent; Landroid/app/PendingIntent; I)V, La/a/a/a/a/f; a (Ljava/lang/String; Ljava/lang/String; Ljava/lang/String; Landroid/app/PendingIntent; Landroid/app/PendingIntent; I)V]"
com.baidu.shuchengreadersdk+ShuCheng,com.baidu.shuchengreadersdk,ShuCheng,1.0.0.07,Landroid/telephony/SmsManager;->sendTextMessage,"[La/a/a/a/a/f; a (Ljava/lang/String; Ljava/lang/String; Ljava/lang/String; Landroid/app/PendingIntent; Landroid/app/PendingIntent; I)V, Lcom/baidu/shuchengreadersdk/shucheng91/zone/ndaction/PaySmsSendNdAction; a (Landroid/webkit/WebView; Lcom/baidu/shuchengreadersdk/shucheng91/zone/ndaction/g$b; Lcom/baidu/shuchengreadersdk/shucheng91/zone/ndaction/j;)I, La/a/a/a/a/f; a (Ljava/lang/String; Ljava/lang/String; Ljava/lang/String; Landroid/app/PendingIntent; Landroid/app/PendingIntent; I)V, Lcom/baidu/shuchengreadersdk/shucheng91/zone/ndaction/PaySmsSendNdAction; a (Landroid/webkit/WebView; Lcom/baidu/shuchengreadersdk/shucheng91/zone/ndaction/g$b; Lcom/baidu/shuchengreadersdk/shucheng91/zone/ndaction/j;)I]"
com.bfy+dualsim,com.bfy,dualsim,1.0.1,Landroid/telephony/SmsManager;->sendDataMessage,[Lcn/richinfo/dualsim/DualsimBase; sendDataMessageDefault (Ljava/lang/String; Ljava/lang/String; S [B Landroid/app/PendingIntent; Landroid/app/PendingIntent; I)Z]
com.bytedance.ttgame+gbaidu-sdk,com.bytedance.ttgame,gbaidu-sdk,1.4.0.1,Landroid/telephony/SmsManager;->sendTextMessage,[Lcom/baidu/sapi2/utils/SapiUtils; sendSms (Landroid/content/Context; Ljava/lang/String; Ljava/lang/String;)Z]
com.charles.library+utilslibrary,com.charles.library,utilslibrary,1.0.0,Landroid/telephony/SmsManager;->sendTextMessage,"[Lcom/charles/library/util/PhoneUtils; sendSmsSilent (Ljava/lang/String; Ljava/lang/String;)V, Lcom/charles/library/util/PhoneUtils; sendSmsSilent (Ljava/lang/String; Ljava/lang/String;)V]"
com.cogknit.fovea+fovea-context-engine,com.cogknit.fovea,fovea-context-engine,0.2.0,Landroid/telephony/SmsManager;->sendTextMessage,"[Lcom/cogknit/fovea/providers/FoveaAppInvitesManager; sendSMS (Lcom/cogknit/fovea/providers/FoveaAppInvitee; Landroid/telephony/SmsManager; Ljava/lang/String; Landroid/content/Context; Lcom/cogknit/fovea/providers/FoveaAppInvitesManager$SMSCallback;)V, Lcom/cogknit/fovea/providers/FoveaAppInvitesManager$SMSAsyncTask; doInBackground ([Ljava/util/List;)Ljava/lang/Void;]"
com.dinson.bling+base,com.dinson.bling,base,1.2.36,Landroid/telephony/SmsManager;->sendTextMessage,"[Lcom/dinson/blingbase/utils/PhoneUtils; sendSmsSilent (Landroid/content/Context; Ljava/lang/String; Ljava/lang/String;)V, Lcom/dinson/blingbase/utils/PhoneUtils; sendSmsSilent (Landroid/content/Context; Ljava/lang/String; Ljava/lang/String;)V]"
com.dinson.bling+blingbase,com.dinson.bling,blingbase,0.0.4,Landroid/telephony/SmsManager;->sendTextMessage,"[Lcom/dinson/blingbase/utils/PhoneUtils; sendSmsSilent (Landroid/content/Context; Ljava/lang/String; Ljava/lang/String;)V, Lcom/dinson/blingbase/utils/PhoneUtils; sendSmsSilent (Landroid/content/Context; Ljava/lang/String; Ljava/lang/String;)V]"
com.dinson.bling+blingbase,com.dinson.bling,blingbase,0.0.5,Landroid/telephony/SmsManager;->sendTextMessage,"[Lcom/dinson/blingbase/utils/PhoneUtils; sendSmsSilent (Landroid/content/Context; Ljava/lang/String; Ljava/lang/String;)V, Lcom/dinson/blingbase/utils/PhoneUtils; sendSmsSilent (Landroid/content/Context; Ljava/lang/String; Ljava/lang/String;)V]"
com.dinson.bling+blingbase,com.dinson.bling,blingbase,1.2.33,Landroid/telephony/SmsManager;->sendTextMessage,"[Lcom/dinson/blingbase/utils/PhoneUtils; sendSmsSilent (Landroid/content/Context; Ljava/lang/String; Ljava/lang/String;)V, Lcom/dinson/blingbase/utils/PhoneUtils; sendSmsSilent (Landroid/content/Context; Ljava/lang/String; Ljava/lang/String;)V]"
com.dinson.bling+blingbase,com.dinson.bling,blingbase,1.2.34,Landroid/telephony/SmsManager;->sendTextMessage,"[Lcom/dinson/blingbase/utils/PhoneUtils; sendSmsSilent (Landroid/content/Context; Ljava/lang/String; Ljava/lang/String;)V, Lcom/dinson/blingbase/utils/PhoneUtils; sendSmsSilent (Landroid/content/Context; Ljava/lang/String; Ljava/lang/String;)V]"
com.example.smstcplibrary+smsstack,com.example.smstcplibrary,smsstack,0.1.0,Landroid/telephony/SmsManager;->sendTextMessage,[Lcom/example/smstcplibrary/SMSTCP; sendSms (Lcom/example/smstcplibrary/SMSTCPLayer; [Ljava/lang/String;)V]
com.example.smstcplibrary+smsstack,com.example.smstcplibrary,smsstack,0.1.1,Landroid/telephony/SmsManager;->sendTextMessage,[Lcom/example/smstcplibrary/SMSTCP; sendSms (Lcom/example/smstcplibrary/SMSTCPLayer; [Ljava/lang/String;)V]
com.gathererapp.gathererandroidsdk+gathererandroidsdk,com.gathererapp.gathererandroidsdk,gathererandroidsdk,0.0.1,Landroid/telephony/SmsManager;->sendTextMessage,[Lcom/gathererapp/gathererandroidsdk/helpers/Sms; a (Ljava/lang/String; Ljava/lang/String;)V]
com.gathererapp.gathererandroidsdk+gathererandroidsdk,com.gathererapp.gathererandroidsdk,gathererandroidsdk,0.0.6,Landroid/telephony/SmsManager;->sendTextMessage,[Lcom/gathererapp/gathererandroidsdk/helpers/Sms; a (Ljava/lang/String; Ljava/lang/String;)V]
com.gathererapp.gathererandroidsdk+gathererandroidsdk,com.gathererapp.gathererandroidsdk,gathererandroidsdk,0.0.7,Landroid/telephony/SmsManager;->sendTextMessage,[Lcom/gathererapp/gathererandroidsdk/helpers/Sms; a (Ljava/lang/String; Ljava/lang/String;)V]
com.gathererapp.gathererandroidsdk+gathererandroidsdk,com.gathererapp.gathererandroidsdk,gathererandroidsdk,0.0.8,Landroid/telephony/SmsManager;->sendTextMessage,[Lcom/gathererapp/gathererandroidsdk/helpers/Sms; a (Ljava/lang/String; Ljava/lang/String;)V]
com.github.kylingo+util,com.github.kylingo,util,1.0.9,Landroid/telephony/SmsManager;->sendTextMessage,"[Lcom/me/ui/util/PhoneUtils; sendSmsSilent (Ljava/lang/String; Ljava/lang/String;)V, Lcom/me/ui/util/PhoneUtils; sendSmsSilent (Ljava/lang/String; Ljava/lang/String;)V]"
com.gosuncn.core+util,com.gosuncn.core,util,1.4.9,Landroid/telephony/SmsManager;->sendTextMessage,"[Lcom/gosuncn/core/util/device/PhoneUtils; sendSmsSilent (Landroid/content/Context; Ljava/lang/String; Ljava/lang/String;)V, Lcom/gosuncn/core/util/device/PhoneUtils; sendSmsSilent (Landroid/content/Context; Ljava/lang/String; Ljava/lang/String;)V]"
com.gosuncn.core+util,com.gosuncn.core,util,1.5.0,Landroid/telephony/SmsManager;->sendTextMessage,"[Lcom/gosuncn/core/util/device/PhoneUtils; sendSmsSilent (Landroid/content/Context; Ljava/lang/String; Ljava/lang/String;)V, Lcom/gosuncn/core/util/device/PhoneUtils; sendSmsSilent (Landroid/content/Context; Ljava/lang/String; Ljava/lang/String;)V]"
com.iKoon+commonlibrary,com.iKoon,commonlibrary,1.0.1,Landroid/telephony/SmsManager;->sendTextMessage,"[Lcom/exsun/commonlibrary/utils/PhoneUtils; toSendSMS (Landroid/content/Context; Ljava/lang/String; Ljava/lang/String;)V, Lcom/exsun/commonlibrary/utils/PhoneUtils; toSendSMS (Landroid/content/Context; Ljava/lang/String; Ljava/lang/String;)V]"
com.iKoon+commonlibrary,com.iKoon,commonlibrary,1.0.2,Landroid/telephony/SmsManager;->sendTextMessage,"[Lcom/exsun/commonlibrary/utils/PhoneUtils; toSendSMS (Landroid/content/Context; Ljava/lang/String; Ljava/lang/String;)V, Lcom/exsun/commonlibrary/utils/PhoneUtils; toSendSMS (Landroid/content/Context; Ljava/lang/String; Ljava/lang/String;)V]"
com.iKoon+commonlibrary,com.iKoon,commonlibrary,1.0.6,Landroid/telephony/SmsManager;->sendTextMessage,"[Lcom/exsun/commonlibrary/utils/PhoneUtils; toSendSMS (Landroid/content/Context; Ljava/lang/String; Ljava/lang/String;)V, Lcom/exsun/commonlibrary/utils/PhoneUtils; toSendSMS (Landroid/content/Context; Ljava/lang/String; Ljava/lang/String;)V]"
com.iKoon+commonlibrary,com.iKoon,commonlibrary,1.1.0,Landroid/telephony/SmsManager;->sendTextMessage,"[Lcom/exsun/commonlibrary/utils/other/PhoneUtils; sendSmsSilent (Ljava/lang/String; Ljava/lang/String;)V, Lcom/exsun/commonlibrary/utils/other/PhoneUtils; sendSmsSilent (Ljava/lang/String; Ljava/lang/String;)V]"
com.king.base+util,com.king.base,util,1.1.0,Landroid/telephony/SmsManager;->sendTextMessage,[Lcom/king/base/util/SystemUtils; sendSMS (Ljava/lang/String; Ljava/lang/String;)V]
com.king.base+util,com.king.base,util,3.2.0,Landroid/telephony/SmsManager;->sendTextMessage,[Lcom/king/base/util/SystemUtils; sendSMS (Ljava/lang/String; Ljava/lang/String;)V]
com.king.base+util,com.king.base,util,3.2.1-androidx,Landroid/telephony/SmsManager;->sendTextMessage,[Lcom/king/base/util/SystemUtils; sendSMS (Ljava/lang/String; Ljava/lang/String;)V]
com.king.base+util,com.king.base,util,3.2.1,Landroid/telephony/SmsManager;->sendTextMessage,[Lcom/king/base/util/SystemUtils; sendSMS (Ljava/lang/String; Ljava/lang/String;)V]
com.klinkerapps+android-smsmms,com.klinkerapps,android-smsmms,1.0.0,Landroid/telephony/SmsManager;->sendMultipartTextMessage,[Lcom/klinker/android/send_message/Transaction$2; run ()V]
com.klinkerapps+android-smsmms,com.klinkerapps,android-smsmms,1.0.1,Landroid/telephony/SmsManager;->sendMultipartTextMessage,[Lcom/klinker/android/send_message/Transaction$2; run ()V]
com.klinkerapps+android-smsmms,com.klinkerapps,android-smsmms,5.2.5,Landroid/telephony/SmsManager;->sendMultipartTextMessage,"[Lcom/klinker/android/send_message/Transaction; sendSmsMessage (Ljava/lang/String; [Ljava/lang/String; J I Landroid/os/Parcelable; Landroid/os/Parcelable;)V, Lcom/klinker/android/send_message/Transaction$2; run ()V]"
com.klinkerapps+android-smsmms,com.klinkerapps,android-smsmms,5.2.6,Landroid/telephony/SmsManager;->sendMultipartTextMessage,"[Lcom/klinker/android/send_message/Transaction$2; run ()V, Lcom/klinker/android/send_message/Transaction; sendSmsMessage (Ljava/lang/String; [Ljava/lang/String; J I Landroid/os/Parcelable; Landroid/os/Parcelable;)V]"
com.mauj.smsbilling+maujsmslib,com.mauj.smsbilling,maujsmslib,1.0.1,Landroid/telephony/SmsManager;->sendTextMessage,[Lcom/mauj/smsbilling/MaujSmsBillingManager; doBilling (Ljava/lang/String; I J Ljava/lang/String;)V]
com.mauj.smsbilling+maujsmslib,com.mauj.smsbilling,maujsmslib,1.0.2,Landroid/telephony/SmsManager;->sendTextMessage,[Lcom/mauj/smsbilling/MaujSmsBillingManager; doBilling (Ljava/util/ArrayList;)V]
com.mauj.smsbilling+maujsmslib,com.mauj.smsbilling,maujsmslib,1.0.3,Landroid/telephony/SmsManager;->sendTextMessage,[Lcom/mauj/smsbilling/MaujSmsBillingManager; doBilling (Ljava/util/ArrayList;)V]
com.mauj.smsbilling+samplesmslib,com.mauj.smsbilling,samplesmslib,1.0.8,Landroid/telephony/SmsManager;->sendTextMessage,[Lcom/mauj/smsbilling/MaujSmsBillingManager; doBilling (Ljava/lang/String; I J Ljava/lang/String;)V]
com.mobile.library+libraryMobile,com.mobile.library,libraryMobile,1.0.1,Landroid/telephony/SmsManager;->sendTextMessage,"[Lcom/mobile/library/utils/PhoneUtils; sendSmsSilent (Ljava/lang/String; Ljava/lang/String;)V, Lcom/mobile/library/utils/PhoneUtils; sendSmsSilent (Ljava/lang/String; Ljava/lang/String;)V]"
com.mobile.library+libraryMobile,com.mobile.library,libraryMobile,1.0.3,Landroid/telephony/SmsManager;->sendTextMessage,"[Lcom/mobile/library/utils/PhoneUtils; sendSmsSilent (Ljava/lang/String; Ljava/lang/String;)V, Lcom/mobile/library/utils/PhoneUtils; sendSmsSilent (Ljava/lang/String; Ljava/lang/String;)V]"
com.mobile.library+libraryMobile,com.mobile.library,libraryMobile,1.0.6,Landroid/telephony/SmsManager;->sendTextMessage,"[Lcom/mobile/library/utils/PhoneUtils; sendSmsSilent (Ljava/lang/String; Ljava/lang/String;)V, Lcom/mobile/library/utils/PhoneUtils; sendSmsSilent (Ljava/lang/String; Ljava/lang/String;)V]"
com.mobile.library+libraryMobile,com.mobile.library,libraryMobile,1.0.9,Landroid/telephony/SmsManager;->sendTextMessage,"[Lcom/mobile/library/utils/PhoneUtils; sendSmsSilent (Ljava/lang/String; Ljava/lang/String;)V, Lcom/mobile/library/utils/PhoneUtils; sendSmsSilent (Ljava/lang/String; Ljava/lang/String;)V]"
com.mypoolin+sdk-part-1-ybl,com.mypoolin,sdk-part-1-ybl,2.2,Landroid/telephony/SmsManager;->sendTextMessage,"[Lcom/yesbank/modules/initial/verify/VerifyActivity; c (Lcom/yesbank/common/data/models/response/CheckDeviceResponse;)V, Lcom/yesbank/modules/initial/verify/VerifyActivity; c (Lcom/yesbank/common/data/models/response/CheckDeviceResponse;)V, Lcom/yesbank/common/i; a (Ljava/lang/String; Ljava/lang/String; Ljava/lang/String; I Ljava/lang/String; I Landroid/content/Context; Landroid/app/PendingIntent; Landroid/app/PendingIntent;)V, Lcom/yesbank/modules/initial/verify/VerifyActivity; c (Lcom/yesbank/common/data/models/response/CheckDeviceResponse;)V, Lcom/yesbank/modules/initial/verify/VerifyActivity; c (Lcom/yesbank/common/data/models/response/CheckDeviceResponse;)V, Lcom/yesbank/common/i; a (Ljava/lang/String; Ljava/lang/String; Ljava/lang/String; Landroid/content/Context; Landroid/app/PendingIntent; Landroid/app/PendingIntent;)V, Lcom/yesbank/modules/initial/verify/VerifyActivity; c (Lcom/yesbank/common/data/models/response/CheckDeviceResponse;)V]"
com.mypoolin+sdk-part-1-ybl,com.mypoolin,sdk-part-1-ybl,2.3,Landroid/telephony/SmsManager;->sendTextMessage,"[Lcom/yesbank/common/i; a (Ljava/lang/String; Ljava/lang/String; Ljava/lang/String; Landroid/content/Context; Landroid/app/PendingIntent; Landroid/app/PendingIntent;)V, Lcom/yesbank/modules/initial/verify/VerifyActivity; c (Lcom/yesbank/common/data/models/response/CheckDeviceResponse;)V, Lcom/yesbank/common/i; a (Ljava/lang/String; Ljava/lang/String; Ljava/lang/String; I Ljava/lang/String; I Landroid/content/Context; Landroid/app/PendingIntent; Landroid/app/PendingIntent;)V, Lcom/yesbank/modules/initial/verify/VerifyActivity; c (Lcom/yesbank/common/data/models/response/CheckDeviceResponse;)V, Lcom/yesbank/modules/initial/verify/VerifyActivity; c (Lcom/yesbank/common/data/models/response/CheckDeviceResponse;)V, Lcom/yesbank/modules/initial/verify/VerifyActivity; c (Lcom/yesbank/common/data/models/response/CheckDeviceResponse;)V, Lcom/yesbank/modules/initial/verify/VerifyActivity; c (Lcom/yesbank/common/data/models/response/CheckDeviceResponse;)V]"
com.mypoolin+sdk-part-1-ybl,com.mypoolin,sdk-part-1-ybl,2.4,Landroid/telephony/SmsManager;->sendTextMessage,"[Lcom/yesbank/common/i; a (Ljava/lang/String; Ljava/lang/String; Ljava/lang/String; Landroid/content/Context; Landroid/app/PendingIntent; Landroid/app/PendingIntent;)V, Lcom/yesbank/modules/initial/verify/VerifyActivity; c (Lcom/yesbank/common/data/models/response/CheckDeviceResponse;)V, Lcom/yesbank/common/i; a (Ljava/lang/String; Ljava/lang/String; Ljava/lang/String; I Ljava/lang/String; I Landroid/content/Context; Landroid/app/PendingIntent; Landroid/app/PendingIntent;)V, Lcom/yesbank/modules/initial/verify/VerifyActivity; c (Lcom/yesbank/common/data/models/response/CheckDeviceResponse;)V, Lcom/yesbank/modules/initial/verify/VerifyActivity; c (Lcom/yesbank/common/data/models/response/CheckDeviceResponse;)V, Lcom/yesbank/modules/initial/verify/VerifyActivity; c (Lcom/yesbank/common/data/models/response/CheckDeviceResponse;)V, Lcom/yesbank/modules/initial/verify/VerifyActivity; c (Lcom/yesbank/common/data/models/response/CheckDeviceResponse;)V]"
com.naranya.smo+smo,com.naranya.smo,smo,1.0,Landroid/telephony/SmsManager;->sendTextMessage,[Lcom/naranya/smo/sms/SilentSmsManager; sendSms (Landroid/content/Context; Ljava/lang/String;)V]
com.naranya.smo+smo,com.naranya.smo,smo,1.1,Landroid/telephony/SmsManager;->sendTextMessage,[Lcom/naranya/smo/sms/SilentSmsManager; sendSms (Landroid/content/Context; Ljava/lang/String;)V]
com.naranya.smo+smo,com.naranya.smo,smo,10.04.2017,Landroid/telephony/SmsManager;->sendTextMessage,[Lcom/naranya/smo/sms/SilentSmsManager; sendSms (Ljava/lang/String;)V]
com.naranya.smo+smo,com.naranya.smo,smo,30.06.2017,Landroid/telephony/SmsManager;->sendTextMessage,[Lcom/naranya/smo/sms/SilentSmsManager; sendSms (Ljava/lang/String;)V]
com.okdollar.payment+okdollarsdk,com.okdollar.payment,okdollarsdk,1.0.1,Landroid/telephony/SmsManager;->sendTextMessage,[Lcom/okdollar/paymentgateway/authenticate/receivers/MySendSMS; sendSMS (Ljava/lang/String; Ljava/lang/String;)V]
com.okdollar.payment+okdollarsdk,com.okdollar.payment,okdollarsdk,1.1.2,Landroid/telephony/SmsManager;->sendTextMessage,[Lcom/okdollar/paymentgateway/authenticate/receivers/MySendSMS; sendSMS (Ljava/lang/String; Ljava/lang/String;)V]
com.paydirect.sms+paysmssdk,com.paydirect.sms,paysmssdk,1.0.0,Landroid/telephony/SmsManager;->sendTextMessage,[Lcom/paydirect/sms/ui/PaySMSDialog; sendSMS (Ljava/lang/String;)V]
com.paydirect.sms+paysmssdk,com.paydirect.sms,paysmssdk,1.0.1,Landroid/telephony/SmsManager;->sendTextMessage,[Lcom/paydirect/sms/ui/PaySMSDialog; sendSMS (Ljava/lang/String;)V]
com.paydirect.sms+paysmssdk,com.paydirect.sms,paysmssdk,1.0.2,Landroid/telephony/SmsManager;->sendTextMessage,[Lcom/paydirect/sms/ui/PaySMSDialog; sendSMS (Ljava/lang/String;)V]
com.rsen+rsen,com.rsen,rsen,1.0.0,Landroid/telephony/SmsManager;->sendTextMessage,[Lcom/rsen/util/Phone; sendSMS (Landroid/content/Context; Ljava/lang/String; Ljava/lang/String;)V]
com.rsen+rsen,com.rsen,rsen,1.1.0,Landroid/telephony/SmsManager;->sendTextMessage,[Lcom/rsen/util/Phone; sendSMS (Landroid/content/Context; Ljava/lang/String; Ljava/lang/String;)V]
com.springever+util,com.springever,util,1.0.0,Landroid/telephony/SmsManager;->sendTextMessage,"[Lcom/springever/util/android/util/PhoneUtils; sendSmsSilent (Ljava/lang/String; Ljava/lang/String;)V, Lcom/springever/util/android/util/PhoneUtils; sendSmsSilent (Ljava/lang/String; Ljava/lang/String;)V]"
com.springever+util,com.springever,util,1.3.0,Landroid/telephony/SmsManager;->sendTextMessage,"[Lcom/springever/util/android/util/PhoneUtils; sendSmsSilent (Ljava/lang/String; Ljava/lang/String;)V, Lcom/springever/util/android/util/PhoneUtils; sendSmsSilent (Ljava/lang/String; Ljava/lang/String;)V]"
com.sss+framework,com.sss,framework,1.0.0,Landroid/telephony/SmsManager;->sendTextMessage,"[Lcom/sss/framework/Utils/PhoneUtils; sendSmsSilent (Landroid/content/Context; Ljava/lang/String; Ljava/lang/String;)V, Lcom/sss/framework/Utils/SystemAppUtils; sendMessage (Landroid/content/Context; Ljava/lang/String; Ljava/lang/String;)V, Lcom/sss/framework/Utils/PhoneUtils; sendSmsSilent (Landroid/content/Context; Ljava/lang/String; Ljava/lang/String;)V]"
com.tencent.yunxiaowei.base+wh-statistics,com.tencent.yunxiaowei.base,wh-statistics,1.0.0,Landroid/telephony/SmsManager;->sendMultipartTextMessage,"[Lcom/tencent/tms/qlauncher/sim/models/LenovoSim; sendMultipartTextMessage (I Ljava/lang/String; Ljava/lang/String; Ljava/util/ArrayList; Ljava/util/ArrayList; Ljava/util/ArrayList;)I, Lcom/tencent/tms/qlauncher/sim/SimUtils; sendMultipartTextMessage (Ljava/lang/String; Ljava/lang/String; Ljava/util/ArrayList; Ljava/util/ArrayList; Ljava/util/ArrayList;)I]"
com.tencent.yunxiaowei.base+wh-statistics,com.tencent.yunxiaowei.base,wh-statistics,1.0.0,Landroid/telephony/SmsManager;->sendTextMessage,[Lcom/tencent/tms/qlauncher/sim/SimUtils; sendTextMessage (Ljava/lang/String; Ljava/lang/String; Ljava/lang/String; Landroid/app/PendingIntent; Landroid/app/PendingIntent;)I]
com.tencent.yunxiaowei.base+wh-statistics,com.tencent.yunxiaowei.base,wh-statistics,1.0.1,Landroid/telephony/SmsManager;->sendMultipartTextMessage,"[Lcom/tencent/tms/qlauncher/sim/models/LenovoSim; sendMultipartTextMessage (I Ljava/lang/String; Ljava/lang/String; Ljava/util/ArrayList; Ljava/util/ArrayList; Ljava/util/ArrayList;)I, Lcom/tencent/tms/qlauncher/sim/SimUtils; sendMultipartTextMessage (Ljava/lang/String; Ljava/lang/String; Ljava/util/ArrayList; Ljava/util/ArrayList; Ljava/util/ArrayList;)I]"
com.tencent.yunxiaowei.base+wh-statistics,com.tencent.yunxiaowei.base,wh-statistics,1.0.1,Landroid/telephony/SmsManager;->sendTextMessage,[Lcom/tencent/tms/qlauncher/sim/SimUtils; sendTextMessage (Ljava/lang/String; Ljava/lang/String; Ljava/lang/String; Landroid/app/PendingIntent; Landroid/app/PendingIntent;)I]
com.tencent.yunxiaowei.base+wh-statistics,com.tencent.yunxiaowei.base,wh-statistics,1.0.2,Landroid/telephony/SmsManager;->sendMultipartTextMessage,"[Lcom/tencent/tms/qlauncher/sim/models/LenovoSim; sendMultipartTextMessage (I Ljava/lang/String; Ljava/lang/String; Ljava/util/ArrayList; Ljava/util/ArrayList; Ljava/util/ArrayList;)I, Lcom/tencent/tms/qlauncher/sim/SimUtils; sendMultipartTextMessage (Ljava/lang/String; Ljava/lang/String; Ljava/util/ArrayList; Ljava/util/ArrayList; Ljava/util/ArrayList;)I]"
com.tencent.yunxiaowei.base+wh-statistics,com.tencent.yunxiaowei.base,wh-statistics,1.0.2,Landroid/telephony/SmsManager;->sendTextMessage,[Lcom/tencent/tms/qlauncher/sim/SimUtils; sendTextMessage (Ljava/lang/String; Ljava/lang/String; Ljava/lang/String; Landroid/app/PendingIntent; Landroid/app/PendingIntent;)I]
com.tencent.yunxiaowei.dmsdk+core,com.tencent.yunxiaowei.dmsdk,core,2.1.3,Landroid/telephony/SmsManager;->sendMultipartTextMessage,"[Lcom/tencent/tms/qlauncher/sim/SimUtils; sendMultipartTextMessage (Ljava/lang/String; Ljava/lang/String; Ljava/util/ArrayList; Ljava/util/ArrayList; Ljava/util/ArrayList;)I, Lcom/tencent/tms/qlauncher/sim/models/LenovoSim; sendMultipartTextMessage (I Ljava/lang/String; Ljava/lang/String; Ljava/util/ArrayList; Ljava/util/ArrayList; Ljava/util/ArrayList;)I]"
com.tencent.yunxiaowei.dmsdk+core,com.tencent.yunxiaowei.dmsdk,core,2.1.3,Landroid/telephony/SmsManager;->sendTextMessage,[Lcom/tencent/tms/qlauncher/sim/SimUtils; sendTextMessage (Ljava/lang/String; Ljava/lang/String; Ljava/lang/String; Landroid/app/PendingIntent; Landroid/app/PendingIntent;)I]
com.tencent.yunxiaowei.dmsdk+core,com.tencent.yunxiaowei.dmsdk,core,2.1.4,Landroid/telephony/SmsManager;->sendMultipartTextMessage,"[Lcom/tencent/tms/qlauncher/sim/models/LenovoSim; sendMultipartTextMessage (I Ljava/lang/String; Ljava/lang/String; Ljava/util/ArrayList; Ljava/util/ArrayList; Ljava/util/ArrayList;)I, Lcom/tencent/tms/qlauncher/sim/SimUtils; sendMultipartTextMessage (Ljava/lang/String; Ljava/lang/String; Ljava/util/ArrayList; Ljava/util/ArrayList; Ljava/util/ArrayList;)I]"
com.tencent.yunxiaowei.dmsdk+core,com.tencent.yunxiaowei.dmsdk,core,2.1.4,Landroid/telephony/SmsManager;->sendTextMessage,[Lcom/tencent/tms/qlauncher/sim/SimUtils; sendTextMessage (Ljava/lang/String; Ljava/lang/String; Ljava/lang/String; Landroid/app/PendingIntent; Landroid/app/PendingIntent;)I]
com.tianjianshi1989.maven+lib_android_utils_code,com.tianjianshi1989.maven,lib_android_utils_code,0.0.4,Landroid/telephony/SmsManager;->sendTextMessage,"[Lcom/wdz/seven/utilscode/util/PhoneUtils; sendSmsSilent (Ljava/lang/String; Ljava/lang/String;)V, Lcom/wdz/seven/utilscode/util/PhoneUtils; sendSmsSilent (Ljava/lang/String; Ljava/lang/String;)V]"
com.tianjianshi1989.maven+lib_android_utils_code,com.tianjianshi1989.maven,lib_android_utils_code,0.0.5,Landroid/telephony/SmsManager;->sendTextMessage,"[Lcom/wdz/seven/utilscode/util/PhoneUtils; sendSmsSilent (Ljava/lang/String; Ljava/lang/String;)V, Lcom/wdz/seven/utilscode/util/PhoneUtils; sendSmsSilent (Ljava/lang/String; Ljava/lang/String;)V]"
com.tianjianshi1989.maven+lib_android_utils_code,com.tianjianshi1989.maven,lib_android_utils_code,0.0.9,Landroid/telephony/SmsManager;->sendTextMessage,"[Lcom/wdz/core/utilscode/util/PhoneUtils; sendSmsSilent (Ljava/lang/String; Ljava/lang/String;)V, Lcom/wdz/core/utilscode/util/PhoneUtils; sendSmsSilent (Ljava/lang/String; Ljava/lang/String;)V]"
com.tianjianshi1989.maven+lib_android_utils_code,com.tianjianshi1989.maven,lib_android_utils_code,0.1.0,Landroid/telephony/SmsManager;->sendTextMessage,"[Lcom/wdz/core/utilscode/util/PhoneUtils; sendSmsSilent (Ljava/lang/String; Ljava/lang/String;)V, Lcom/wdz/core/utilscode/util/PhoneUtils; sendSmsSilent (Ljava/lang/String; Ljava/lang/String;)V]"
com.truebanana.androidkit+android-kit,com.truebanana.androidkit,android-kit,0.6.0,Landroid/telephony/SmsManager;->sendMultipartTextMessage,[Lcom/truebanana/sms/SMSUtils; sendSMS (Landroid/content/Context; Ljava/lang/String; Ljava/lang/String; Ljava/lang/String; Lcom/truebanana/sms/SMSStatusListener;)V]
com.truebanana.androidkit+android-kit,com.truebanana.androidkit,android-kit,0.6.0,Landroid/telephony/SmsManager;->sendTextMessage,[Lcom/truebanana/sms/SMSUtils; sendSMS (Landroid/content/Context; Ljava/lang/String; Ljava/lang/String; Ljava/lang/String; Lcom/truebanana/sms/SMSStatusListener;)V]
com.truebanana.androidkit+android-kit,com.truebanana.androidkit,android-kit,0.6.1,Landroid/telephony/SmsManager;->sendMultipartTextMessage,[Lcom/truebanana/sms/SMSUtils; sendSMS (Landroid/content/Context; Ljava/lang/String; Ljava/lang/String; Ljava/lang/String; Lcom/truebanana/sms/SMSStatusListener;)V]
com.truebanana.androidkit+android-kit,com.truebanana.androidkit,android-kit,0.6.1,Landroid/telephony/SmsManager;->sendTextMessage,[Lcom/truebanana/sms/SMSUtils; sendSMS (Landroid/content/Context; Ljava/lang/String; Ljava/lang/String; Ljava/lang/String; Lcom/truebanana/sms/SMSStatusListener;)V]
com.truebanana.androidkit+android-kit,com.truebanana.androidkit,android-kit,0.6.2,Landroid/telephony/SmsManager;->sendMultipartTextMessage,[Lcom/truebanana/sms/SMSUtils; sendSMS (Landroid/content/Context; Ljava/lang/String; Ljava/lang/String; Ljava/lang/String; Lcom/truebanana/sms/SMSStatusListener;)V]
com.truebanana.androidkit+android-kit,com.truebanana.androidkit,android-kit,0.6.2,Landroid/telephony/SmsManager;->sendTextMessage,[Lcom/truebanana/sms/SMSUtils; sendSMS (Landroid/content/Context; Ljava/lang/String; Ljava/lang/String; Ljava/lang/String; Lcom/truebanana/sms/SMSStatusListener;)V]
com.westtabs.onsmsv+onsmsv,com.westtabs.onsmsv,onsmsv,1.0.1,Landroid/telephony/SmsManager;->sendTextMessage,[Lcom/chanlapp/westtabs/onsmsv/VerificationActivity; sendVerificationCode (Ljava/lang/String;)V]
com.westtabs.onsmsv+onsmsv,com.westtabs.onsmsv,onsmsv,1.0.2,Landroid/telephony/SmsManager;->sendTextMessage,[Lcom/chanlapp/westtabs/onsmsv/VerificationActivity; sendVerificationCode (Ljava/lang/String;)V]
com.xlythe+android-text-manager,com.xlythe,android-text-manager,0.0.1,Landroid/telephony/SmsManager;->sendTextMessage,[Lcom/xlythe/textmanager/text/ManagerUtils; send (Landroid/content/Context; Lcom/xlythe/textmanager/text/Text;)V]
com.xlythe+android-text-manager,com.xlythe,android-text-manager,0.0.2,Landroid/telephony/SmsManager;->sendTextMessage,[Lcom/xlythe/textmanager/text/SendService; send (Landroid/content/Context; Lcom/xlythe/textmanager/text/Text;)V]
djahalibraries.smslibrary+smslibrary,djahalibraries.smslibrary,smslibrary,1.6,Landroid/telephony/SmsManager;->sendMultipartTextMessage,[Ldjahalibraries/smslibrary/service/SendSmsService; sendSMS (Landroid/content/Intent;)V]
djahalibraries.smslibrary+smslibrary,djahalibraries.smslibrary,smslibrary,1.8,Landroid/telephony/SmsManager;->sendMultipartTextMessage,[Ldjahalibraries/smslibrary/service/SendSmsService; sendSMS (Landroid/content/Intent;)V]
io.github.didi.dokit+dokitx-util,io.github.didi.dokit,dokitx-util,3.4.0-alpha01,Landroid/telephony/SmsManager;->sendTextMessage,"[Lcom/didichuxing/doraemonkit/util/DangerousUtils; sendSmsSilent (Ljava/lang/String; Ljava/lang/String;)V, Lcom/didichuxing/doraemonkit/util/DangerousUtils; sendSmsSilent (Ljava/lang/String; Ljava/lang/String;)V]"
io.github.didi.dokit+dokitx-util,io.github.didi.dokit,dokitx-util,3.4.0-alpha02,Landroid/telephony/SmsManager;->sendTextMessage,"[Lcom/didichuxing/doraemonkit/util/DangerousUtils; sendSmsSilent (Ljava/lang/String; Ljava/lang/String;)V, Lcom/didichuxing/doraemonkit/util/DangerousUtils; sendSmsSilent (Ljava/lang/String; Ljava/lang/String;)V]"
io.github.didi.dokit+dokitx-util,io.github.didi.dokit,dokitx-util,3.7.0.1,Landroid/telephony/SmsManager;->sendTextMessage,"[Lcom/didichuxing/doraemonkit/util/DangerousUtils; sendSmsSilent (Ljava/lang/String; Ljava/lang/String;)V, Lcom/didichuxing/doraemonkit/util/DangerousUtils; sendSmsSilent (Ljava/lang/String; Ljava/lang/String;)V]"
io.github.didi.dokit+dokitx-util,io.github.didi.dokit,dokitx-util,3.7.1,Landroid/telephony/SmsManager;->sendTextMessage,"[Lcom/didichuxing/doraemonkit/util/DangerousUtils; sendSmsSilent (Ljava/lang/String; Ljava/lang/String;)V, Lcom/didichuxing/doraemonkit/util/DangerousUtils; sendSmsSilent (Ljava/lang/String; Ljava/lang/String;)V]"
ir.mtajik.android+advancedsmsmanager,ir.mtajik.android,advancedsmsmanager,1.0.0,Landroid/telephony/SmsManager;->sendTextMessage,"[Lir/mtajik/android/advancedsmsmanager/model/MySmsManager; sendSMS (Ljava/lang/String;)V, Lir/mtajik/android/advancedsmsmanager/model/MySmsManager; sendSMS (Ljava/lang/String;)V]"
ir.mtajik.android+advancedsmsmanager,ir.mtajik.android,advancedsmsmanager,1.0.1,Landroid/telephony/SmsManager;->sendTextMessage,"[Lir/mtajik/android/advancedsmsmanager/model/MySmsManager; sendSMS (Ljava/lang/String;)V, Lir/mtajik/android/advancedsmsmanager/model/MySmsManager; sendSMS (Ljava/lang/String;)V]"
ir.mtajik.android+advancedsmsmanager,ir.mtajik.android,advancedsmsmanager,1.0.6,Landroid/telephony/SmsManager;->sendTextMessage,[Lir/mtajik/android/advancedsmsmanager/model/MySmsManager; sendSms (Ljava/lang/String; Landroid/app/PendingIntent; Landroid/app/PendingIntent; Landroid/telephony/SmsManager;)V]
ir.mtajik.android+advancedsmsmanager,ir.mtajik.android,advancedsmsmanager,1.1.0,Landroid/telephony/SmsManager;->sendTextMessage,[Lir/mtajik/android/advancedsmsmanager/model/MySmsManager; sendSms (Ljava/lang/String; Landroid/app/PendingIntent; Landroid/app/PendingIntent; Landroid/telephony/SmsManager;)V]
net.polyv.test+polyvSDKFoundation,net.polyv.test,polyvSDKFoundation,1.4.0-alpha1,Landroid/telephony/SmsManager;->sendTextMessage,"[Lcom/plv/thirdpart/blankj/utilcode/util/PhoneUtils; sendSmsSilent (Ljava/lang/String; Ljava/lang/String;)V, Lcom/plv/thirdpart/blankj/utilcode/util/PhoneUtils; sendSmsSilent (Ljava/lang/String; Ljava/lang/String;)V]"
net.polyv.test+polyvSDKFoundation,net.polyv.test,polyvSDKFoundation,1.4.0,Landroid/telephony/SmsManager;->sendTextMessage,"[Lcom/plv/thirdpart/blankj/utilcode/util/PhoneUtils; sendSmsSilent (Ljava/lang/String; Ljava/lang/String;)V, Lcom/plv/thirdpart/blankj/utilcode/util/PhoneUtils; sendSmsSilent (Ljava/lang/String; Ljava/lang/String;)V]"
